                  epoch,         train/box_loss,         train/cls_loss,         train/dfl_loss,   metrics/precision(B),      metrics/recall(B),       metrics/mAP50(B),    metrics/mAP50-95(B),           val/box_loss,           val/cls_loss,           val/dfl_loss,                 lr/pg0,                 lr/pg1,                 lr/pg2
                      1,                 1.8056,                 2.9133,                 1.6095,                0.00416,                0.93103,                0.50074,                0.29868,                 1.1526,                 2.7914,                 1.1693,                0.00034,                0.00034,                0.00034
                      2,                 1.5046,                  1.736,                 1.4039,                0.69635,                0.41379,                0.58119,                0.36019,                 1.2042,                 2.1276,                 1.1812,              0.0005614,              0.0005614,              0.0005614
                      3,                 1.4747,                 1.4803,                 1.3853,                0.84288,                 0.5551,                0.70758,                0.47824,                 1.1359,                 1.9962,                 1.1478,             0.00064024,             0.00064024,             0.00064024
                      4,                 1.5145,                 1.6195,                 1.3933,                0.77337,                0.68966,                0.79046,                0.52392,                 1.1646,                 1.7355,                 1.1605,             0.00057652,             0.00057652,             0.00057652
                      5,                 1.3369,                 1.2861,                 1.3186,                0.83304,                0.75862,                0.83071,                0.55529,                 1.2147,                 1.5935,                 1.1859,             0.00037024,             0.00037024,             0.00037024
